,nipt_files,mapping
0,sample_0,sample_0
1,sample_1,sample_1
2,sample_2,sample_2
3,sample_3,sample_3
4,sample_4,sample_4
5,sample_5,sample_5
6,sample_6,sample_6
7,sample_7,sample_7
8,sample_8,sample_8
9,sample_9,sample_9
10,sample_10,sample_10
11,sample_11,sample_11
12,sample_12,sample_12
13,sample_13,sample_13
14,sample_14,sample_14
15,sample_15,sample_15
16,sample_16,sample_16
17,sample_17,sample_17
18,sample_18,sample_18
19,sample_19,sample_19
20,sample_20,sample_20
21,sample_24,sample_21
22,sample_25,sample_22
23,sample_26,sample_23
24,sample_27,sample_24
25,sample_28,sample_25
26,sample_29,sample_26
27,sample_30,sample_27
28,sample_31,sample_28
29,sample_32,sample_29
30,sample_33,sample_30
31,sample_34,sample_31
32,sample_35,sample_32
33,sample_36,sample_33
34,sample_37,sample_34
35,sample_38,sample_35
36,sample_39,sample_36
37,sample_40,sample_37
38,sample_41,sample_38
39,sample_42,sample_39
40,sample_44,sample_40
41,sample_45,sample_41
42,sample_46,sample_42
43,sample_47,sample_43
44,sample_48,sample_44
45,sample_49,sample_45
46,sample_50,sample_46
47,sample_51,sample_47
48,sample_52,sample_48
49,sample_53,sample_49
50,sample_54,sample_50
51,sample_57,sample_51
52,sample_58,sample_52
53,sample_59,sample_53
54,sample_60,sample_54
55,sample_61,sample_55
56,sample_62,sample_56
57,sample_63,sample_57
58,sample_64,sample_58
59,sample_65,sample_59
60,sample_66,sample_60
61,sample_67,sample_61
62,sample_68,sample_62
63,sample_69,sample_63
64,sample_70,sample_64
65,sample_71,sample_65
66,sample_72,sample_66
67,sample_73,sample_67
68,sample_74,sample_68
69,sample_75,sample_69
70,sample_76,sample_70
71,sample_77,sample_71
72,sample_78,sample_72
73,sample_79,sample_73
74,sample_80,sample_74
75,sample_81,sample_75
76,sample_82,sample_76
77,sample_83,sample_77
78,sample_84,sample_78
79,sample_85,sample_79
80,sample_86,sample_80
81,sample_87,sample_81
82,sample_88,sample_82
83,sample_89,sample_83
84,sample_90,sample_84
85,sample_91,sample_85
86,sample_92,sample_86
87,sample_93,sample_87
88,sample_94,sample_88
89,sample_95,sample_89
90,sample_96,sample_90
91,sample_97,sample_91
92,sample_98,sample_92
93,sample_99,sample_93
94,sample_100,sample_94
95,sample_101,sample_95
96,sample_102,sample_96
97,sample_103,sample_97
98,sample_104,sample_98
99,sample_105,sample_99
100,sample_106,sample_100
101,sample_107,sample_101
102,sample_108,sample_102
103,sample_109,sample_103
104,sample_110,sample_104
105,sample_111,sample_105
106,sample_112,sample_106
107,sample_113,sample_107
108,sample_114,sample_108
109,sample_115,sample_109
110,sample_116,sample_110
111,sample_117,sample_111
112,sample_118,sample_112
113,sample_119,sample_113
114,sample_120,sample_114
115,sample_121,sample_115
116,sample_122,sample_116
117,sample_123,sample_117
118,sample_124,sample_118
119,sample_125,sample_119
120,sample_126,sample_120
121,sample_127,sample_121
122,sample_129,sample_122
123,sample_130,sample_123
124,sample_131,sample_124
125,sample_132,sample_125
126,sample_133,sample_126
127,sample_134,sample_127
128,sample_135,sample_128
129,sample_136,sample_129
130,sample_137,sample_130
131,sample_138,sample_131
132,sample_139,sample_132
133,sample_140,sample_133
134,sample_141,sample_134
135,sample_142,sample_135
136,sample_143,sample_136
137,sample_144,sample_137
138,sample_145,sample_138
139,sample_146,sample_139
140,sample_147,sample_140
141,sample_148,sample_141
142,sample_149,sample_142
143,sample_150,sample_143
144,sample_151,sample_144
145,sample_152,sample_145
146,sample_153,sample_146
147,sample_154,sample_147
148,sample_155,sample_148
149,sample_156,sample_149
150,sample_157,sample_150
151,sample_158,sample_151
152,sample_159,sample_152
153,sample_160,sample_153
154,sample_161,sample_154
155,sample_162,sample_155
156,sample_163,sample_156
157,sample_164,sample_157
158,sample_165,sample_158
159,sample_166,sample_159
160,sample_167,sample_160
161,sample_168,sample_161
162,sample_169,sample_162
163,sample_170,sample_163
164,sample_171,sample_164
165,sample_172,sample_165
166,sample_173,sample_166
167,sample_174,sample_167
168,sample_175,sample_168
169,sample_177,sample_169
170,sample_178,sample_170
171,sample_179,sample_171
172,sample_180,sample_172
173,sample_181,sample_173
174,sample_182,sample_174
175,sample_183,sample_175
176,sample_184,sample_176
177,sample_185,sample_177
178,sample_186,sample_178
179,sample_187,sample_179
180,sample_188,sample_180
181,sample_189,sample_181
182,sample_190,sample_182
183,sample_191,sample_183
184,sample_192,sample_184
185,sample_193,sample_185
186,sample_194,sample_186
187,sample_195,sample_187
188,sample_196,sample_188
189,sample_198,sample_189
190,sample_199,sample_190
191,sample_200,sample_191
192,sample_201,sample_192
193,sample_202,sample_193
194,sample_203,sample_194
195,sample_204,sample_195
196,sample_205,sample_196
197,sample_206,sample_197
198,sample_207,sample_198
199,sample_208,sample_199
200,sample_212,sample_200
201,sample_213,sample_201
202,sample_214,sample_202
203,sample_215,sample_203
204,sample_216,sample_204
205,sample_217,sample_205
206,sample_218,sample_206
207,sample_219,sample_207
208,sample_220,sample_208
209,sample_221,sample_209
210,sample_222,sample_210
211,sample_223,sample_211
212,sample_224,sample_212
213,sample_225,sample_213
214,sample_226,sample_214
215,sample_227,sample_215
216,sample_228,sample_216
217,sample_229,sample_217
218,sample_230,sample_218
219,sample_231,sample_219
220,sample_232,sample_220
221,sample_233,sample_221
222,sample_234,sample_222
223,sample_235,sample_223
224,sample_236,sample_224
225,sample_237,sample_225
226,sample_238,sample_226
227,sample_239,sample_227
228,sample_240,sample_228
229,sample_241,sample_229
230,sample_242,sample_230
231,sample_243,sample_231
232,sample_247,sample_232
233,sample_248,sample_233
234,sample_249,sample_234
235,sample_250,sample_235
236,sample_251,sample_236
237,sample_252,sample_237
238,sample_253,sample_238
239,sample_254,sample_239
240,sample_255,sample_240
241,sample_256,sample_241
242,sample_257,sample_242
243,sample_258,sample_243
244,sample_259,sample_244
245,sample_260,sample_245
246,sample_261,sample_246
247,sample_262,sample_247
248,sample_263,sample_248
249,sample_264,sample_249
250,sample_265,sample_250
251,sample_266,sample_251
252,sample_267,sample_252
253,sample_268,sample_253
254,sample_269,sample_254
255,sample_270,sample_255
256,sample_271,sample_256
257,sample_272,sample_257
258,sample_273,sample_258
259,sample_274,sample_259
260,sample_275,sample_260
261,sample_276,sample_261
262,sample_277,sample_262
263,sample_278,sample_263
264,sample_279,sample_264
265,sample_280,sample_265
266,sample_281,sample_266
267,sample_282,sample_267
268,sample_285,sample_268
269,sample_286,sample_269
270,sample_287,sample_270
271,sample_288,sample_271
272,sample_289,sample_272
273,sample_290,sample_273
274,sample_291,sample_274
275,sample_292,sample_275
276,sample_294,sample_276
277,sample_295,sample_277
278,sample_296,sample_278
279,sample_297,sample_279
280,sample_298,sample_280
281,sample_299,sample_281
282,sample_301,sample_282
283,sample_302,sample_283
284,sample_303,sample_284
285,sample_304,sample_285
286,sample_305,sample_286
287,sample_307,sample_287
288,sample_308,sample_288
289,sample_309,sample_289
290,sample_310,sample_290
291,sample_311,sample_291
292,sample_312,sample_292
293,sample_313,sample_293
294,sample_317,sample_294
295,sample_318,sample_295
296,sample_319,sample_296
297,sample_320,sample_297
298,sample_321,sample_298
299,sample_322,sample_299
300,sample_323,sample_300
301,sample_324,sample_301
302,sample_325,sample_302
303,sample_326,sample_303
304,sample_327,sample_304
305,sample_328,sample_305
306,sample_329,sample_306
307,sample_330,sample_307
308,sample_331,sample_308
309,sample_332,sample_309
310,sample_333,sample_310
311,sample_334,sample_311
312,sample_335,sample_312
313,sample_336,sample_313
314,sample_337,sample_314
315,sample_338,sample_315
316,sample_339,sample_316
317,sample_340,sample_317
318,sample_341,sample_318
319,sample_342,sample_319
320,sample_343,sample_320
321,sample_344,sample_321
322,sample_345,sample_322
323,sample_346,sample_323
324,sample_347,sample_324
325,sample_348,sample_325
326,sample_349,sample_326
327,sample_350,sample_327
328,sample_351,sample_328
329,sample_352,sample_329
330,sample_353,sample_330
331,sample_354,sample_331
332,sample_355,sample_332
333,sample_356,sample_333
334,sample_357,sample_334
335,sample_358,sample_335
336,sample_359,sample_336
337,sample_360,sample_337
338,sample_361,sample_338
339,sample_362,sample_339
340,sample_363,sample_340
341,sample_364,sample_341
342,sample_365,sample_342
343,sample_366,sample_343
344,sample_367,sample_344
345,sample_368,sample_345
346,sample_369,sample_346
347,sample_370,sample_347
348,sample_371,sample_348
349,sample_372,sample_349
350,sample_374,sample_350
351,sample_378,sample_351
352,sample_379,sample_352
353,sample_381,sample_353
354,sample_382,sample_354
355,sample_383,sample_355
356,sample_384,sample_356
357,sample_385,sample_357
358,sample_386,sample_358
359,sample_389,sample_359
360,sample_390,sample_360
361,sample_391,sample_361
362,sample_393,sample_362
363,sample_394,sample_363
364,sample_397,sample_364
365,sample_398,sample_365
366,sample_399,sample_366
367,sample_400,sample_367
368,sample_401,sample_368
369,sample_402,sample_369
370,sample_403,sample_370
371,sample_404,sample_371
372,sample_405,sample_372
373,sample_406,sample_373
374,sample_407,sample_374
375,sample_408,sample_375
376,sample_409,sample_376
377,sample_410,sample_377
378,sample_411,sample_378
379,sample_412,sample_379
380,sample_413,sample_380
381,sample_414,sample_381
382,sample_415,sample_382
383,sample_416,sample_383
384,sample_417,sample_384
385,sample_418,sample_385
386,sample_419,sample_386
387,sample_422,sample_387
388,sample_423,sample_388
389,sample_424,sample_389
390,sample_427,sample_390
391,sample_430,sample_391
392,sample_431,sample_392
393,sample_432,sample_393
394,sample_433,sample_394
395,sample_434,sample_395
396,sample_435,sample_396
397,sample_436,sample_397
398,sample_437,sample_398
399,sample_438,sample_399
400,sample_439,sample_400
401,sample_440,sample_401
402,sample_441,sample_402
403,sample_442,sample_403
404,sample_443,sample_404
405,sample_444,sample_405
406,sample_445,sample_406
407,sample_446,sample_407
408,sample_447,sample_408
409,sample_448,sample_409
410,sample_449,sample_410
411,sample_450,sample_411
412,sample_451,sample_412
413,sample_452,sample_413
414,sample_453,sample_414
415,sample_454,sample_415
416,sample_455,sample_416
417,sample_456,sample_417
418,sample_457,sample_418
419,sample_458,sample_419
420,sample_459,sample_420
421,sample_460,sample_421
422,sample_461,sample_422
423,sample_462,sample_423
424,sample_463,sample_424
425,sample_464,sample_425
426,sample_465,sample_426
427,sample_466,sample_427
428,sample_467,sample_428
429,sample_468,sample_429
430,sample_469,sample_430
431,sample_470,sample_431
432,sample_471,sample_432
433,sample_472,sample_433
434,sample_473,sample_434
435,sample_474,sample_435
436,sample_475,sample_436
437,sample_476,sample_437
438,sample_477,sample_438
439,sample_478,sample_439
440,sample_479,sample_440
441,sample_480,sample_441
442,sample_481,sample_442
443,sample_482,sample_443
444,sample_483,sample_444
445,sample_484,sample_445
446,sample_485,sample_446
447,sample_486,sample_447
448,sample_487,sample_448
449,sample_488,sample_449
450,sample_489,sample_450
451,sample_490,sample_451
452,sample_491,sample_452
453,sample_492,sample_453
454,sample_493,sample_454
455,sample_494,sample_455
456,sample_495,sample_456
457,sample_496,sample_457
458,sample_498,sample_458
459,sample_499,sample_459
460,sample_500,sample_460
461,sample_501,sample_461
462,sample_502,sample_462
463,sample_503,sample_463
464,sample_504,sample_464
465,sample_505,sample_465
466,sample_506,sample_466
467,sample_507,sample_467
468,sample_508,sample_468
469,sample_509,sample_469
470,sample_510,sample_470
471,sample_513,sample_471
472,sample_514,sample_472
473,sample_515,sample_473
474,sample_516,sample_474
475,sample_517,sample_475
476,sample_518,sample_476
477,sample_520,sample_477
478,sample_522,sample_478
479,sample_523,sample_479
480,sample_524,sample_480
481,sample_525,sample_481
482,sample_526,sample_482
483,sample_527,sample_483
484,sample_529,sample_484
485,sample_530,sample_485
486,sample_531,sample_486
487,sample_532,sample_487
488,sample_533,sample_488
489,sample_534,sample_489
490,sample_535,sample_490
491,sample_536,sample_491
492,sample_537,sample_492
493,sample_538,sample_493
494,sample_539,sample_494
495,sample_540,sample_495
496,sample_541,sample_496
497,sample_542,sample_497
498,sample_543,sample_498
499,sample_544,sample_499
500,sample_545,sample_500
501,sample_546,sample_501
502,sample_547,sample_502
503,sample_548,sample_503
504,sample_549,sample_504
505,sample_550,sample_505
506,sample_552,sample_506
507,sample_553,sample_507
508,sample_554,sample_508
509,sample_555,sample_509
510,sample_556,sample_510
511,sample_557,sample_511
512,sample_558,sample_512
513,sample_559,sample_513
514,sample_560,sample_514
515,sample_561,sample_515
516,sample_562,sample_516
517,sample_563,sample_517
518,sample_564,sample_518
519,sample_565,sample_519
520,sample_566,sample_520
521,sample_567,sample_521
522,sample_568,sample_522
523,sample_569,sample_523
524,sample_570,sample_524
525,sample_572,sample_525
526,sample_573,sample_526
527,sample_574,sample_527
528,sample_575,sample_528
529,sample_576,sample_529
530,sample_577,sample_530
531,sample_578,sample_531
532,sample_579,sample_532
533,sample_580,sample_533
534,sample_581,sample_534
535,sample_582,sample_535
536,sample_583,sample_536
537,sample_584,sample_537
538,sample_585,sample_538
539,sample_586,sample_539
540,sample_587,sample_540
541,sample_588,sample_541
542,sample_589,sample_542
543,sample_592,sample_543
544,sample_593,sample_544
545,sample_594,sample_545
546,sample_595,sample_546
547,sample_596,sample_547
548,sample_597,sample_548
549,sample_598,sample_549
550,sample_599,sample_550
551,sample_600,sample_551
552,sample_602,sample_552
553,sample_603,sample_553
554,sample_604,sample_554
555,sample_605,sample_555
556,sample_606,sample_556
557,sample_607,sample_557
558,sample_608,sample_558
559,sample_613,sample_559
560,sample_614,sample_560
561,sample_615,sample_561
562,sample_616,sample_562
563,sample_617,sample_563
564,sample_618,sample_564
565,sample_619,sample_565
566,sample_620,sample_566
567,sample_621,sample_567
568,sample_622,sample_568
569,sample_623,sample_569
570,sample_624,sample_570
571,sample_625,sample_571
572,sample_626,sample_572
573,sample_627,sample_573
574,sample_628,sample_574
575,sample_629,sample_575
576,sample_630,sample_576
577,sample_631,sample_577
578,sample_632,sample_578
579,sample_633,sample_579
580,sample_634,sample_580
581,sample_635,sample_581
582,sample_636,sample_582
583,sample_637,sample_583
584,sample_638,sample_584
585,sample_641,sample_585
586,sample_642,sample_586
587,sample_643,sample_587
588,sample_644,sample_588
589,sample_645,sample_589
590,sample_646,sample_590
591,sample_647,sample_591
592,sample_648,sample_592
593,sample_649,sample_593
594,sample_650,sample_594
595,sample_651,sample_595
596,sample_652,sample_596
597,sample_653,sample_597
598,sample_654,sample_598
599,sample_655,sample_599
600,sample_656,sample_600
601,sample_657,sample_601
602,sample_658,sample_602
603,sample_659,sample_603
604,sample_660,sample_604
605,sample_661,sample_605
606,sample_662,sample_606
607,sample_663,sample_607
608,sample_664,sample_608
609,sample_665,sample_609
610,sample_666,sample_610
611,sample_667,sample_611
612,sample_668,sample_612
613,sample_669,sample_613
614,sample_670,sample_614
615,sample_671,sample_615
616,sample_672,sample_616
617,sample_673,sample_617
618,sample_674,sample_618
619,sample_675,sample_619
620,sample_676,sample_620
621,sample_677,sample_621
622,sample_678,sample_622
623,sample_679,sample_623
624,sample_680,sample_624
625,sample_681,sample_625
626,sample_682,sample_626
627,sample_683,sample_627
628,sample_686,sample_628
629,sample_687,sample_629
630,sample_688,sample_630
631,sample_689,sample_631
632,sample_690,sample_632
633,sample_691,sample_633
634,sample_692,sample_634
635,sample_693,sample_635
636,sample_694,sample_636
637,sample_695,sample_637
638,sample_696,sample_638
639,sample_697,sample_639
640,sample_698,sample_640
641,sample_699,sample_641
642,sample_700,sample_642
643,sample_701,sample_643
644,sample_702,sample_644
645,sample_703,sample_645
646,sample_704,sample_646
647,sample_705,sample_647
648,sample_706,sample_648
649,sample_707,sample_649
650,sample_711,sample_650
651,sample_712,sample_651
652,sample_713,sample_652
653,sample_714,sample_653
654,sample_715,sample_654
655,sample_716,sample_655
656,sample_717,sample_656
657,sample_718,sample_657
658,sample_720,sample_658
659,sample_721,sample_659
660,sample_722,sample_660
661,sample_723,sample_661
662,sample_724,sample_662
663,sample_725,sample_663
664,sample_726,sample_664
665,sample_727,sample_665
666,sample_728,sample_666
667,sample_729,sample_667
668,sample_730,sample_668
669,sample_731,sample_669
670,sample_732,sample_670
671,sample_733,sample_671
672,sample_734,sample_672
673,sample_735,sample_673
674,sample_736,sample_674
675,sample_737,sample_675
676,sample_738,sample_676
677,sample_739,sample_677
678,sample_740,sample_678
679,sample_741,sample_679
680,sample_742,sample_680
681,sample_743,sample_681
682,sample_744,sample_682
683,sample_745,sample_683
684,sample_746,sample_684
685,sample_747,sample_685
686,sample_748,sample_686
687,sample_749,sample_687
688,sample_750,sample_688
689,sample_751,sample_689
690,sample_752,sample_690
691,sample_753,sample_691
692,sample_754,sample_692
693,sample_755,sample_693
694,sample_758,sample_694
695,sample_759,sample_695
696,sample_760,sample_696
697,sample_761,sample_697
698,sample_762,sample_698
699,sample_763,sample_699
700,sample_764,sample_700
701,sample_765,sample_701
702,sample_766,sample_702
703,sample_767,sample_703
704,sample_768,sample_704
705,sample_769,sample_705
706,sample_770,sample_706
707,sample_771,sample_707
708,sample_772,sample_708
709,sample_773,sample_709
710,sample_774,sample_710
711,sample_775,sample_711
712,sample_776,sample_712
713,sample_777,sample_713
714,sample_778,sample_714
715,sample_779,sample_715
716,sample_780,sample_716
717,sample_781,sample_717
718,sample_782,sample_718
719,sample_783,sample_719
720,sample_784,sample_720
721,sample_785,sample_721
722,sample_786,sample_722
723,sample_787,sample_723
724,sample_788,sample_724
725,sample_790,sample_725
726,sample_791,sample_726
727,sample_792,sample_727
728,sample_793,sample_728
729,sample_794,sample_729
730,sample_795,sample_730
731,sample_796,sample_731
732,sample_797,sample_732
733,sample_798,sample_733
734,sample_799,sample_734
735,sample_800,sample_735
736,sample_801,sample_736
737,sample_802,sample_737
738,sample_803,sample_738
739,sample_804,sample_739
740,sample_805,sample_740
741,sample_806,sample_741
742,sample_807,sample_742
743,sample_808,sample_743
744,sample_809,sample_744
745,sample_810,sample_745
746,sample_811,sample_746
747,sample_812,sample_747
748,sample_813,sample_748
749,sample_814,sample_749
750,sample_815,sample_750
751,sample_816,sample_751
752,sample_817,sample_752
753,sample_819,sample_753
754,sample_820,sample_754
755,sample_821,sample_755
756,sample_822,sample_756
757,sample_823,sample_757
758,sample_824,sample_758
759,sample_827,sample_759
760,sample_828,sample_760
761,sample_829,sample_761
762,sample_830,sample_762
763,sample_831,sample_763
764,sample_832,sample_764
765,sample_833,sample_765
766,sample_834,sample_766
767,sample_835,sample_767
768,sample_836,sample_768
769,sample_837,sample_769
770,sample_838,sample_770
771,sample_839,sample_771
772,sample_840,sample_772
773,sample_841,sample_773
774,sample_842,sample_774
775,sample_843,sample_775
776,sample_844,sample_776
777,sample_845,sample_777
778,sample_846,sample_778
779,sample_848,sample_779
780,sample_849,sample_780
781,sample_850,sample_781
782,sample_852,sample_782
783,sample_853,sample_783
784,sample_854,sample_784
785,sample_855,sample_785
786,sample_856,sample_786
787,sample_857,sample_787
788,sample_858,sample_788
789,sample_859,sample_789
790,sample_860,sample_790
791,sample_861,sample_791
792,sample_862,sample_792
793,sample_863,sample_793
794,sample_864,sample_794
795,sample_866,sample_795
796,sample_867,sample_796
797,sample_868,sample_797
798,sample_869,sample_798
799,sample_870,sample_799
800,sample_871,sample_800
801,sample_872,sample_801
802,sample_873,sample_802
803,sample_874,sample_803
804,sample_875,sample_804
805,sample_876,sample_805
806,sample_877,sample_806
807,sample_878,sample_807
808,sample_879,sample_808
809,sample_880,sample_809
810,sample_881,sample_810
811,sample_882,sample_811
812,sample_883,sample_812
813,sample_884,sample_813
814,sample_885,sample_814
815,sample_886,sample_815
816,sample_887,sample_816
817,sample_888,sample_817
818,sample_889,sample_818
819,sample_891,sample_819
820,sample_892,sample_820
821,sample_893,sample_821
822,sample_894,sample_822
823,sample_895,sample_823
824,sample_896,sample_824
825,sample_899,sample_825
826,sample_900,sample_826
827,sample_901,sample_827
828,sample_902,sample_828
829,sample_903,sample_829
830,sample_904,sample_830
831,sample_905,sample_831
832,sample_906,sample_832
833,sample_907,sample_833
834,sample_908,sample_834
835,sample_909,sample_835
836,sample_910,sample_836
837,sample_911,sample_837
838,sample_912,sample_838
839,sample_913,sample_839
840,sample_914,sample_840
841,sample_915,sample_841
842,sample_916,sample_842
843,sample_917,sample_843
844,sample_920,sample_844
845,sample_921,sample_845
846,sample_922,sample_846
847,sample_923,sample_847
848,sample_924,sample_848
849,sample_925,sample_849
850,sample_926,sample_850
851,sample_927,sample_851
852,sample_928,sample_852
853,sample_929,sample_853
854,sample_930,sample_854
855,sample_931,sample_855
856,sample_932,sample_856
857,sample_933,sample_857
858,sample_934,sample_858
859,sample_935,sample_859
860,sample_936,sample_860
861,sample_937,sample_861
862,sample_938,sample_862
863,sample_939,sample_863
864,sample_940,sample_864
865,sample_941,sample_865
866,sample_942,sample_866
867,sample_943,sample_867
868,sample_944,sample_868
869,sample_945,sample_869
870,sample_946,sample_870
871,sample_947,sample_871
872,sample_948,sample_872
873,sample_949,sample_873
874,sample_950,sample_874
875,sample_951,sample_875
876,sample_952,sample_876
877,sample_953,sample_877
878,sample_954,sample_878
879,sample_955,sample_879
880,sample_956,sample_880
881,sample_957,sample_881
882,sample_958,sample_882
883,sample_959,sample_883
884,sample_960,sample_884
885,sample_961,sample_885
886,sample_962,sample_886
887,sample_963,sample_887
888,sample_964,sample_888
889,sample_965,sample_889
890,sample_966,sample_890
891,sample_967,sample_891
892,sample_968,sample_892
893,sample_969,sample_893
894,sample_970,sample_894
895,sample_971,sample_895
896,sample_972,sample_896
897,sample_973,sample_897
898,sample_974,sample_898
899,sample_975,sample_899
900,sample_976,sample_900
901,sample_977,sample_901
902,sample_978,sample_902
903,sample_979,sample_903
904,sample_980,sample_904
905,sample_981,sample_905
906,sample_982,sample_906
907,sample_983,sample_907
908,sample_984,sample_908
909,sample_986,sample_909
910,sample_987,sample_910
911,sample_988,sample_911
912,sample_989,sample_912
913,sample_990,sample_913
914,sample_991,sample_914
915,sample_992,sample_915
916,sample_993,sample_916
917,sample_994,sample_917
918,sample_995,sample_918
919,sample_996,sample_919
920,sample_997,sample_920
921,sample_998,sample_921
922,sample_999,sample_922
923,sample_1000,sample_923
924,sample_1001,sample_924
925,sample_1002,sample_925
926,sample_1003,sample_926
927,sample_1004,sample_927
928,sample_1005,sample_928
929,sample_1006,sample_929
930,sample_1007,sample_930
931,sample_1008,sample_931
932,sample_1009,sample_932
933,sample_1010,sample_933
934,sample_1011,sample_934
935,sample_1012,sample_935
936,sample_1013,sample_936
937,sample_1014,sample_937
938,sample_1015,sample_938
939,sample_1016,sample_939
940,sample_1017,sample_940
941,sample_1018,sample_941
942,sample_1019,sample_942
943,sample_1020,sample_943
944,sample_1021,sample_944
945,sample_1022,sample_945
946,sample_1023,sample_946
947,sample_1024,sample_947
948,sample_1025,sample_948
949,sample_1026,sample_949
950,sample_1027,sample_950
951,sample_1029,sample_951
952,sample_1030,sample_952
953,sample_1031,sample_953
954,sample_1032,sample_954
955,sample_1033,sample_955
956,sample_1035,sample_956
957,sample_1036,sample_957
958,sample_1037,sample_958
959,sample_1038,sample_959
960,sample_1039,sample_960
961,sample_1040,sample_961
962,sample_1041,sample_962
963,sample_1042,sample_963
964,sample_1043,sample_964
965,sample_1044,sample_965
966,sample_1045,sample_966
967,sample_1046,sample_967
968,sample_1047,sample_968
969,sample_1048,sample_969
970,sample_1049,sample_970
971,sample_1050,sample_971
972,sample_1051,sample_972
973,sample_1052,sample_973
974,sample_1053,sample_974
975,sample_1054,sample_975
976,sample_1055,sample_976
977,sample_1056,sample_977
978,sample_1057,sample_978
979,sample_1058,sample_979
980,sample_1059,sample_980
981,sample_1060,sample_981
982,sample_1061,sample_982
983,sample_1062,sample_983
984,sample_1063,sample_984
985,sample_1064,sample_985
986,sample_1065,sample_986
987,sample_1066,sample_987
988,sample_1067,sample_988
989,sample_1068,sample_989
990,sample_1069,sample_990
991,sample_1070,sample_991
992,sample_1071,sample_992
993,sample_1072,sample_993
994,sample_1073,sample_994
995,sample_1074,sample_995
996,sample_1075,sample_996
997,sample_1076,sample_997
998,sample_1077,sample_998
999,sample_1078,sample_999
1000,sample_1079,sample_1000
1001,sample_1080,sample_1001
1002,sample_1081,sample_1002
1003,sample_1082,sample_1003
1004,sample_1083,sample_1004
1005,sample_1084,sample_1005
1006,sample_1085,sample_1006
1007,sample_1086,sample_1007
1008,sample_1087,sample_1008
1009,sample_1088,sample_1009
1010,sample_1089,sample_1010
1011,sample_1090,sample_1011
1012,sample_1091,sample_1012
1013,sample_1092,sample_1013
1014,sample_1093,sample_1014
1015,sample_1094,sample_1015
1016,sample_1095,sample_1016
1017,sample_1098,sample_1017
1018,sample_1099,sample_1018
1019,sample_1100,sample_1019
1020,sample_1101,sample_1020
1021,sample_1102,sample_1021
1022,sample_1103,sample_1022
1023,sample_1104,sample_1023
1024,sample_1105,sample_1024
1025,sample_1106,sample_1025
1026,sample_1107,sample_1026
1027,sample_1108,sample_1027
1028,sample_1109,sample_1028
1029,sample_1111,sample_1029
1030,sample_1112,sample_1030
1031,sample_1113,sample_1031
1032,sample_1114,sample_1032
1033,sample_1115,sample_1033
1034,sample_1116,sample_1034
1035,sample_1117,sample_1035
1036,sample_1118,sample_1036
1037,sample_1119,sample_1037
1038,sample_1120,sample_1038
1039,sample_1121,sample_1039
1040,sample_1122,sample_1040
1041,sample_1123,sample_1041
1042,sample_1124,sample_1042
1043,sample_1125,sample_1043
1044,sample_1126,sample_1044
1045,sample_1127,sample_1045
1046,sample_1128,sample_1046
1047,sample_1132,sample_1047
1048,sample_1133,sample_1048
1049,sample_1134,sample_1049
1050,sample_1135,sample_1050
1051,sample_1136,sample_1051
1052,sample_1138,sample_1052
1053,sample_1139,sample_1053
1054,sample_1140,sample_1054
1055,sample_1141,sample_1055
1056,sample_1142,sample_1056
1057,sample_1143,sample_1057
1058,sample_1144,sample_1058
1059,sample_1145,sample_1059
1060,sample_1147,sample_1060
1061,sample_1148,sample_1061
1062,sample_1149,sample_1062
1063,sample_1150,sample_1063
1064,sample_1151,sample_1064
1065,sample_1152,sample_1065
1066,sample_1153,sample_1066
1067,sample_1154,sample_1067
1068,sample_1155,sample_1068
1069,sample_1156,sample_1069
1070,sample_1157,sample_1070
1071,sample_1158,sample_1071
1072,sample_1159,sample_1072
1073,sample_1160,sample_1073
1074,sample_1161,sample_1074
1075,sample_1162,sample_1075
1076,sample_1163,sample_1076
1077,sample_1164,sample_1077
1078,sample_1165,sample_1078
1079,sample_1166,sample_1079
1080,sample_1167,sample_1080
1081,sample_1169,sample_1081
1082,sample_1170,sample_1082
1083,sample_1171,sample_1083
1084,sample_1172,sample_1084
1085,sample_1173,sample_1085
1086,sample_1174,sample_1086
1087,sample_1175,sample_1087
1088,sample_1176,sample_1088
1089,sample_1177,sample_1089
1090,sample_1178,sample_1090
1091,sample_1179,sample_1091
1092,sample_1180,sample_1092
1093,sample_1181,sample_1093
1094,sample_1182,sample_1094
1095,sample_1183,sample_1095
1096,sample_1184,sample_1096
1097,sample_1185,sample_1097
1098,sample_1186,sample_1098
1099,sample_1187,sample_1099
1100,sample_1188,sample_1100
1101,sample_1189,sample_1101
1102,sample_1192,sample_1102
1103,sample_1193,sample_1103
1104,sample_1194,sample_1104
1105,sample_1195,sample_1105
1106,sample_1196,sample_1106
1107,sample_1197,sample_1107
1108,sample_1198,sample_1108
1109,sample_1199,sample_1109
1110,sample_1200,sample_1110
1111,sample_1201,sample_1111
1112,sample_1202,sample_1112
1113,sample_1203,sample_1113
1114,sample_1204,sample_1114
1115,sample_1205,sample_1115
1116,sample_1207,sample_1116
1117,sample_1208,sample_1117
1118,sample_1209,sample_1118
1119,sample_1210,sample_1119
1120,sample_1211,sample_1120
1121,sample_1212,sample_1121
1122,sample_1213,sample_1122
1123,sample_1214,sample_1123
1124,sample_1215,sample_1124
1125,sample_1216,sample_1125
1126,sample_1217,sample_1126
1127,sample_1218,sample_1127
1128,sample_1219,sample_1128
1129,sample_1222,sample_1129
1130,sample_1223,sample_1130
1131,sample_1224,sample_1131
1132,sample_1225,sample_1132
1133,sample_1226,sample_1133
1134,sample_1227,sample_1134
1135,sample_1228,sample_1135
1136,sample_1229,sample_1136
1137,sample_1230,sample_1137
1138,sample_1231,sample_1138
1139,sample_1232,sample_1139
1140,sample_1233,sample_1140
1141,sample_1234,sample_1141
1142,sample_1235,sample_1142
1143,sample_1238,sample_1143
1144,sample_1239,sample_1144
1145,sample_1240,sample_1145
1146,sample_1241,sample_1146
1147,sample_1242,sample_1147
1148,sample_1243,sample_1148
1149,sample_1244,sample_1149
1150,sample_1245,sample_1150
1151,sample_1246,sample_1151
1152,sample_1247,sample_1152
1153,sample_1248,sample_1153
1154,sample_1249,sample_1154
1155,sample_1250,sample_1155
1156,sample_1251,sample_1156
1157,sample_1252,sample_1157
1158,sample_1253,sample_1158
1159,sample_1254,sample_1159
1160,sample_1255,sample_1160
1161,sample_1256,sample_1161
1162,sample_1257,sample_1162
1163,sample_1258,sample_1163
1164,sample_1259,sample_1164
1165,sample_1260,sample_1165
1166,sample_1261,sample_1166
1167,sample_1262,sample_1167
1168,sample_1263,sample_1168
1169,sample_1264,sample_1169
1170,sample_1265,sample_1170
1171,sample_1266,sample_1171
1172,sample_1267,sample_1172
1173,sample_1268,sample_1173
1174,sample_1269,sample_1174
1175,sample_1270,sample_1175
1176,sample_1271,sample_1176
1177,sample_1272,sample_1177
1178,sample_1273,sample_1178
1179,sample_1274,sample_1179
1180,sample_1275,sample_1180
1181,sample_1276,sample_1181
1182,sample_1277,sample_1182
1183,sample_1278,sample_1183
1184,sample_1279,sample_1184
1185,sample_1280,sample_1185
1186,sample_1281,sample_1186
1187,sample_1282,sample_1187
1188,sample_1283,sample_1188
1189,sample_1284,sample_1189
1190,sample_1285,sample_1190
1191,sample_1286,sample_1191
1192,sample_1287,sample_1192
1193,sample_1288,sample_1193
1194,sample_1289,sample_1194
1195,sample_1290,sample_1195
1196,sample_1291,sample_1196
1197,sample_1292,sample_1197
1198,sample_1293,sample_1198
1199,sample_1294,sample_1199
1200,sample_1295,sample_1200
1201,sample_1296,sample_1201
1202,sample_1297,sample_1202
1203,sample_1298,sample_1203
1204,sample_1300,sample_1204
1205,sample_1301,sample_1205
1206,sample_1302,sample_1206
1207,sample_1303,sample_1207
1208,sample_1304,sample_1208
1209,sample_1305,sample_1209
1210,sample_1306,sample_1210
1211,sample_1307,sample_1211
1212,sample_1308,sample_1212
1213,sample_1309,sample_1213
1214,sample_1310,sample_1214
1215,sample_1312,sample_1215
1216,sample_1313,sample_1216
1217,sample_1314,sample_1217
1218,sample_1315,sample_1218
1219,sample_1316,sample_1219
1220,sample_1317,sample_1220
1221,sample_1318,sample_1221
1222,sample_1319,sample_1222
1223,sample_1320,sample_1223
1224,sample_1321,sample_1224
1225,sample_1322,sample_1225
1226,sample_1323,sample_1226
1227,sample_1324,sample_1227
1228,sample_1325,sample_1228
1229,sample_1326,sample_1229
1230,sample_1327,sample_1230
1231,sample_1328,sample_1231
1232,sample_1329,sample_1232
1233,sample_1330,sample_1233
1234,sample_1331,sample_1234
1235,sample_1332,sample_1235
1236,sample_1333,sample_1236
1237,sample_1334,sample_1237
1238,sample_1335,sample_1238
1239,sample_1336,sample_1239
1240,sample_1339,sample_1240
1241,sample_1340,sample_1241
1242,sample_1341,sample_1242
1243,sample_1342,sample_1243
1244,sample_1343,sample_1244
1245,sample_1344,sample_1245
1246,sample_1345,sample_1246
1247,sample_1346,sample_1247
1248,sample_1347,sample_1248
1249,sample_1348,sample_1249
1250,sample_1349,sample_1250
1251,sample_1350,sample_1251
1252,sample_1351,sample_1252
1253,sample_1352,sample_1253
1254,sample_1353,sample_1254
1255,sample_1354,sample_1255
1256,sample_1355,sample_1256
1257,sample_1356,sample_1257
1258,sample_1357,sample_1258
1259,sample_1358,sample_1259
1260,sample_1359,sample_1260
1261,sample_1360,sample_1261
1262,sample_1361,sample_1262
1263,sample_1362,sample_1263
1264,sample_1363,sample_1264
1265,sample_1364,sample_1265
1266,sample_1365,sample_1266
1267,sample_1366,sample_1267
1268,sample_1368,sample_1268
1269,sample_1370,sample_1269
1270,sample_1371,sample_1270
1271,sample_1372,sample_1271
1272,sample_1373,sample_1272
1273,sample_1374,sample_1273
1274,sample_1375,sample_1274
1275,sample_1376,sample_1275
1276,sample_1377,sample_1276
1277,sample_1378,sample_1277
1278,sample_1379,sample_1278
1279,sample_1380,sample_1279
1280,sample_1381,sample_1280
1281,sample_1382,sample_1281
1282,sample_1383,sample_1282
1283,sample_1384,sample_1283
1284,sample_1385,sample_1284
1285,sample_1386,sample_1285
1286,sample_1387,sample_1286
1287,sample_1388,sample_1287
1288,sample_1389,sample_1288
1289,sample_1390,sample_1289
1290,sample_1391,sample_1290
1291,sample_1392,sample_1291
1292,sample_1393,sample_1292
1293,sample_1394,sample_1293
1294,sample_1395,sample_1294
1295,sample_1396,sample_1295
1296,sample_1397,sample_1296
1297,sample_1398,sample_1297
1298,sample_1399,sample_1298
1299,sample_1400,sample_1299
1300,sample_1401,sample_1300
1301,sample_1402,sample_1301
1302,sample_1403,sample_1302
1303,sample_1404,sample_1303
1304,sample_1405,sample_1304
1305,sample_1406,sample_1305
1306,sample_1407,sample_1306
1307,sample_1408,sample_1307
1308,sample_1409,sample_1308
1309,sample_1410,sample_1309
1310,sample_1411,sample_1310
1311,sample_1412,sample_1311
1312,sample_1413,sample_1312
1313,sample_1414,sample_1313
1314,sample_1417,sample_1314
1315,sample_1418,sample_1315
1316,sample_1419,sample_1316
1317,sample_1420,sample_1317
1318,sample_1422,sample_1318
1319,sample_1423,sample_1319
1320,sample_1424,sample_1320
1321,sample_1425,sample_1321
1322,sample_1426,sample_1322
1323,sample_1427,sample_1323
1324,sample_1428,sample_1324
1325,sample_1429,sample_1325
1326,sample_1430,sample_1326
1327,sample_1431,sample_1327
1328,sample_1432,sample_1328
1329,sample_1433,sample_1329
1330,sample_1436,sample_1330
1331,sample_1437,sample_1331
1332,sample_1438,sample_1332
1333,sample_1439,sample_1333
1334,sample_1440,sample_1334
1335,sample_1441,sample_1335
1336,sample_1442,sample_1336
1337,sample_1443,sample_1337
1338,sample_1444,sample_1338
1339,sample_1445,sample_1339
1340,sample_1446,sample_1340
1341,sample_1447,sample_1341
1342,sample_1448,sample_1342
1343,sample_1449,sample_1343
1344,sample_1452,sample_1344
1345,sample_1453,sample_1345
1346,sample_1454,sample_1346
1347,sample_1455,sample_1347
1348,sample_1456,sample_1348
1349,sample_1457,sample_1349
1350,sample_1458,sample_1350
1351,sample_1459,sample_1351
1352,sample_1460,sample_1352
1353,sample_1461,sample_1353
1354,sample_1462,sample_1354
1355,sample_1464,sample_1355
1356,sample_1465,sample_1356
1357,sample_1466,sample_1357
1358,sample_1467,sample_1358
1359,sample_1469,sample_1359
1360,sample_1470,sample_1360
1361,sample_1471,sample_1361
1362,sample_1472,sample_1362
1363,sample_1473,sample_1363
1364,sample_1474,sample_1364
1365,sample_1475,sample_1365
1366,sample_1476,sample_1366
1367,sample_1477,sample_1367
1368,sample_1478,sample_1368
1369,sample_1479,sample_1369
1370,sample_1480,sample_1370
1371,sample_1481,sample_1371
1372,sample_1482,sample_1372
1373,sample_1483,sample_1373
1374,sample_1484,sample_1374
1375,sample_1485,sample_1375
1376,sample_1486,sample_1376
1377,sample_1487,sample_1377
1378,sample_1488,sample_1378
1379,sample_1489,sample_1379
1380,sample_1490,sample_1380
1381,sample_1491,sample_1381
1382,sample_1492,sample_1382
1383,sample_1494,sample_1383
1384,sample_1495,sample_1384
1385,sample_1496,sample_1385
1386,sample_1497,sample_1386
1387,sample_1498,sample_1387
1388,sample_1499,sample_1388
1389,sample_1500,sample_1389
1390,sample_1501,sample_1390
1391,sample_1502,sample_1391
1392,sample_1503,sample_1392
1393,sample_1504,sample_1393
1394,sample_1505,sample_1394
1395,sample_1506,sample_1395
1396,sample_1507,sample_1396
1397,sample_1508,sample_1397
1398,sample_1509,sample_1398
1399,sample_1510,sample_1399
1400,sample_1511,sample_1400
1401,sample_1512,sample_1401
1402,sample_1513,sample_1402
1403,sample_1514,sample_1403
1404,sample_1515,sample_1404
1405,sample_1518,sample_1405
1406,sample_1519,sample_1406
1407,sample_1520,sample_1407
1408,sample_1521,sample_1408
1409,sample_1522,sample_1409
1410,sample_1523,sample_1410
1411,sample_1524,sample_1411
1412,sample_1525,sample_1412
1413,sample_1526,sample_1413
1414,sample_1527,sample_1414
1415,sample_1528,sample_1415
1416,sample_1529,sample_1416
1417,sample_1530,sample_1417
1418,sample_1531,sample_1418
1419,sample_1532,sample_1419
1420,sample_1533,sample_1420
1421,sample_1534,sample_1421
1422,sample_1535,sample_1422
1423,sample_1536,sample_1423
1424,sample_1537,sample_1424
1425,sample_1538,sample_1425
1426,sample_1539,sample_1426
1427,sample_1540,sample_1427
1428,sample_1541,sample_1428
1429,sample_1542,sample_1429
1430,sample_1543,sample_1430
1431,sample_1544,sample_1431
1432,sample_1545,sample_1432
1433,sample_1546,sample_1433
1434,sample_1547,sample_1434
1435,sample_1548,sample_1435
1436,sample_1549,sample_1436
1437,sample_1550,sample_1437
1438,sample_1551,sample_1438
1439,sample_1552,sample_1439
1440,sample_1553,sample_1440
1441,sample_1554,sample_1441
1442,sample_1555,sample_1442
1443,sample_1556,sample_1443
1444,sample_1557,sample_1444
1445,sample_1558,sample_1445
1446,sample_1559,sample_1446
1447,sample_1560,sample_1447
1448,sample_1561,sample_1448
1449,sample_1562,sample_1449
1450,sample_1563,sample_1450
1451,sample_1564,sample_1451
1452,sample_1565,sample_1452
1453,sample_1566,sample_1453
1454,sample_1567,sample_1454
1455,sample_1568,sample_1455
1456,sample_1569,sample_1456
1457,sample_1570,sample_1457
1458,sample_1571,sample_1458
1459,sample_1572,sample_1459
1460,sample_1573,sample_1460
1461,sample_1574,sample_1461
1462,sample_1575,sample_1462
1463,sample_1576,sample_1463
1464,sample_1577,sample_1464
1465,sample_1578,sample_1465
1466,sample_1579,sample_1466
1467,sample_1580,sample_1467
1468,sample_1581,sample_1468
1469,sample_1582,sample_1469
1470,sample_1583,sample_1470
1471,sample_1584,sample_1471
1472,sample_1585,sample_1472
1473,sample_1586,sample_1473
1474,sample_1587,sample_1474
1475,sample_1588,sample_1475
1476,sample_1589,sample_1476
1477,sample_1590,sample_1477
1478,sample_1591,sample_1478
1479,sample_1592,sample_1479
1480,sample_1593,sample_1480
1481,sample_1594,sample_1481
1482,sample_1595,sample_1482
1483,sample_1596,sample_1483
1484,sample_1597,sample_1484
1485,sample_1598,sample_1485
1486,sample_1599,sample_1486
1487,sample_1600,sample_1487
1488,sample_1601,sample_1488
1489,sample_1602,sample_1489
1490,sample_1608,sample_1490
1491,sample_1609,sample_1491
1492,sample_1610,sample_1492
1493,sample_1611,sample_1493
1494,sample_1613,sample_1494
1495,sample_1614,sample_1495
1496,sample_1615,sample_1496
1497,sample_1616,sample_1497
1498,sample_1617,sample_1498
1499,sample_1618,sample_1499
1500,sample_1619,sample_1500
1501,sample_1620,sample_1501
1502,sample_1621,sample_1502
1503,sample_1622,sample_1503
1504,sample_1623,sample_1504
1505,sample_1624,sample_1505
1506,sample_1625,sample_1506
1507,sample_1626,sample_1507
1508,sample_1627,sample_1508
1509,sample_1628,sample_1509
1510,sample_1629,sample_1510
1511,sample_1630,sample_1511
1512,sample_1631,sample_1512
1513,sample_1632,sample_1513
1514,sample_1633,sample_1514
1515,sample_1634,sample_1515
1516,sample_1635,sample_1516
1517,sample_1636,sample_1517
1518,sample_1637,sample_1518
1519,sample_1638,sample_1519
1520,sample_1639,sample_1520
1521,sample_1640,sample_1521
1522,sample_1641,sample_1522
1523,sample_1642,sample_1523
1524,sample_1643,sample_1524
1525,sample_1644,sample_1525
1526,sample_1645,sample_1526
1527,sample_1646,sample_1527
1528,sample_1647,sample_1528
1529,sample_1648,sample_1529
1530,sample_1649,sample_1530
1531,sample_1650,sample_1531
1532,sample_1651,sample_1532
1533,sample_1652,sample_1533
1534,sample_1653,sample_1534
1535,sample_1654,sample_1535
1536,sample_1655,sample_1536
1537,sample_1656,sample_1537
1538,sample_1657,sample_1538
1539,sample_1658,sample_1539
1540,sample_1659,sample_1540
1541,sample_1660,sample_1541
1542,sample_1661,sample_1542
1543,sample_1662,sample_1543
1544,sample_1663,sample_1544
1545,sample_1665,sample_1545
1546,sample_1666,sample_1546
1547,sample_1667,sample_1547
1548,sample_1668,sample_1548
1549,sample_1669,sample_1549
1550,sample_1670,sample_1550
1551,sample_1671,sample_1551
1552,sample_1672,sample_1552
1553,sample_1673,sample_1553
1554,sample_1674,sample_1554
1555,sample_1675,sample_1555
1556,sample_1676,sample_1556
1557,sample_1677,sample_1557
1558,sample_1678,sample_1558
1559,sample_1679,sample_1559
1560,sample_1680,sample_1560
1561,sample_1681,sample_1561
1562,sample_1682,sample_1562
1563,sample_1683,sample_1563
1564,sample_1684,sample_1564
1565,sample_1685,sample_1565
1566,sample_1686,sample_1566
1567,sample_1687,sample_1567
1568,sample_1688,sample_1568
1569,sample_1689,sample_1569
1570,sample_1690,sample_1570
1571,sample_1691,sample_1571
1572,sample_1692,sample_1572
1573,sample_1693,sample_1573
1574,sample_1694,sample_1574
1575,sample_1695,sample_1575
1576,sample_1696,sample_1576
1577,sample_1697,sample_1577
1578,sample_1698,sample_1578
1579,sample_1699,sample_1579
1580,sample_1700,sample_1580
1581,sample_1701,sample_1581
1582,sample_1702,sample_1582
1583,sample_1703,sample_1583
1584,sample_1704,sample_1584
1585,sample_1705,sample_1585
1586,sample_1706,sample_1586
1587,sample_1707,sample_1587
1588,sample_1708,sample_1588
1589,sample_1709,sample_1589
1590,sample_1710,sample_1590
1591,sample_1711,sample_1591
1592,sample_1712,sample_1592
1593,sample_1713,sample_1593
1594,sample_1714,sample_1594
1595,sample_1717,sample_1595
1596,sample_1718,sample_1596
1597,sample_1719,sample_1597
1598,sample_1720,sample_1598
1599,sample_1721,sample_1599
1600,sample_1722,sample_1600
1601,sample_1723,sample_1601
1602,sample_1724,sample_1602
1603,sample_1725,sample_1603
1604,sample_1726,sample_1604
1605,sample_1727,sample_1605
1606,sample_1728,sample_1606
1607,sample_1729,sample_1607
1608,sample_1730,sample_1608
1609,sample_1731,sample_1609
1610,sample_1732,sample_1610
1611,sample_1733,sample_1611
1612,sample_1735,sample_1612
1613,sample_1736,sample_1613
1614,sample_1737,sample_1614
1615,sample_1738,sample_1615
1616,sample_1739,sample_1616
1617,sample_1740,sample_1617
1618,sample_1741,sample_1618
1619,sample_1742,sample_1619
1620,sample_1743,sample_1620
1621,sample_1744,sample_1621
1622,sample_1745,sample_1622
1623,sample_1746,sample_1623
1624,sample_1747,sample_1624
1625,sample_1749,sample_1625
1626,sample_1750,sample_1626
1627,sample_1751,sample_1627
1628,sample_1752,sample_1628
1629,sample_1753,sample_1629
1630,sample_1754,sample_1630
1631,sample_1755,sample_1631
1632,sample_1756,sample_1632
1633,sample_1757,sample_1633
1634,sample_1758,sample_1634
1635,sample_1759,sample_1635
1636,sample_1760,sample_1636
1637,sample_1761,sample_1637
1638,sample_1762,sample_1638
1639,sample_1763,sample_1639
1640,sample_1764,sample_1640
1641,sample_1765,sample_1641
1642,sample_1766,sample_1642
1643,sample_1768,sample_1643
1644,sample_1769,sample_1644
1645,sample_1770,sample_1645
1646,sample_1771,sample_1646
1647,sample_1772,sample_1647
1648,sample_1773,sample_1648
1649,sample_1774,sample_1649
1650,sample_1775,sample_1650
1651,sample_1776,sample_1651
1652,sample_1777,sample_1652
1653,sample_1778,sample_1653
1654,sample_1779,sample_1654
1655,sample_1780,sample_1655
1656,sample_1781,sample_1656
1657,sample_1782,sample_1657
1658,sample_1783,sample_1658
1659,sample_1784,sample_1659
1660,sample_1785,sample_1660
1661,sample_1786,sample_1661
1662,sample_1787,sample_1662
1663,sample_1788,sample_1663
1664,sample_1789,sample_1664
1665,sample_1790,sample_1665
1666,sample_1791,sample_1666
1667,sample_1792,sample_1667
1668,sample_1793,sample_1668
1669,sample_1794,sample_1669
1670,sample_1795,sample_1670
1671,sample_1796,sample_1671
1672,sample_1797,sample_1672
1673,sample_1798,sample_1673
1674,sample_1799,sample_1674
1675,sample_1800,sample_1675
1676,sample_1801,sample_1676
1677,sample_1802,sample_1677
1678,sample_1803,sample_1678
1679,sample_1804,sample_1679
1680,sample_1805,sample_1680
1681,sample_1806,sample_1681
1682,sample_1809,sample_1682
1683,sample_1810,sample_1683
1684,sample_1811,sample_1684
1685,sample_1812,sample_1685
1686,sample_1813,sample_1686
1687,sample_1814,sample_1687
1688,sample_1815,sample_1688
1689,sample_1817,sample_1689
1690,sample_1819,sample_1690
1691,sample_1820,sample_1691
1692,sample_1821,sample_1692
1693,sample_1822,sample_1693
1694,sample_1823,sample_1694
1695,sample_1824,sample_1695
1696,sample_1825,sample_1696
1697,sample_1826,sample_1697
1698,sample_1827,sample_1698
1699,sample_1828,sample_1699
1700,sample_1829,sample_1700
1701,sample_1830,sample_1701
1702,sample_1831,sample_1702
1703,sample_1832,sample_1703
1704,sample_1833,sample_1704
1705,sample_1834,sample_1705
1706,sample_1835,sample_1706
1707,sample_1836,sample_1707
1708,sample_1837,sample_1708
1709,sample_1838,sample_1709
1710,sample_1839,sample_1710
1711,sample_1840,sample_1711
1712,sample_1841,sample_1712
1713,sample_1842,sample_1713
1714,sample_1843,sample_1714
1715,sample_1844,sample_1715
1716,sample_1845,sample_1716
1717,sample_1846,sample_1717
1718,sample_1847,sample_1718
1719,sample_1848,sample_1719
1720,sample_1849,sample_1720
1721,sample_1850,sample_1721
1722,sample_1851,sample_1722
1723,sample_1852,sample_1723
1724,sample_1853,sample_1724
1725,sample_1854,sample_1725
1726,sample_1855,sample_1726
1727,sample_1856,sample_1727
1728,sample_1857,sample_1728
1729,sample_1858,sample_1729
1730,sample_1859,sample_1730
1731,sample_1860,sample_1731
1732,sample_1861,sample_1732
1733,sample_1862,sample_1733
1734,sample_1863,sample_1734
1735,sample_1864,sample_1735
1736,sample_1865,sample_1736
1737,sample_1866,sample_1737
1738,sample_1867,sample_1738
1739,sample_1868,sample_1739
1740,sample_1870,sample_1740
1741,sample_1871,sample_1741
1742,sample_1872,sample_1742
1743,sample_1873,sample_1743
1744,sample_1874,sample_1744
1745,sample_1875,sample_1745
1746,sample_1876,sample_1746
1747,sample_1877,sample_1747
1748,sample_1878,sample_1748
1749,sample_1879,sample_1749
1750,sample_1880,sample_1750
1751,sample_1881,sample_1751
1752,sample_1882,sample_1752
1753,sample_1883,sample_1753
1754,sample_1884,sample_1754
1755,sample_1885,sample_1755
1756,sample_1886,sample_1756
1757,sample_1887,sample_1757
1758,sample_1888,sample_1758
1759,sample_1889,sample_1759
1760,sample_1890,sample_1760
1761,sample_1891,sample_1761
1762,sample_1892,sample_1762
1763,sample_1893,sample_1763
1764,sample_1894,sample_1764
1765,sample_1895,sample_1765
1766,sample_1896,sample_1766
1767,sample_1897,sample_1767
1768,sample_1898,sample_1768
1769,sample_1899,sample_1769
1770,sample_1900,sample_1770
1771,sample_1901,sample_1771
1772,sample_1902,sample_1772
1773,sample_1903,sample_1773
1774,sample_1904,sample_1774
1775,sample_1905,sample_1775
1776,sample_1906,sample_1776
1777,sample_1907,sample_1777
1778,sample_1908,sample_1778
1779,sample_1909,sample_1779
1780,sample_1910,sample_1780
1781,sample_1911,sample_1781
1782,sample_1914,sample_1782
1783,sample_1915,sample_1783
1784,sample_1916,sample_1784
1785,sample_1917,sample_1785
1786,sample_1918,sample_1786
1787,sample_1919,sample_1787
1788,sample_1920,sample_1788
1789,sample_1921,sample_1789
1790,sample_1922,sample_1790
1791,sample_1923,sample_1791
1792,sample_1924,sample_1792
1793,sample_1926,sample_1793
1794,sample_1927,sample_1794
1795,sample_1928,sample_1795
1796,sample_1929,sample_1796
1797,sample_1930,sample_1797
1798,sample_1931,sample_1798
1799,sample_1932,sample_1799
1800,sample_1933,sample_1800
1801,sample_1934,sample_1801
1802,sample_1935,sample_1802
1803,sample_1936,sample_1803
1804,sample_1937,sample_1804
1805,sample_1938,sample_1805
1806,sample_1939,sample_1806
1807,sample_1940,sample_1807
1808,sample_1941,sample_1808
1809,sample_1942,sample_1809
1810,sample_1943,sample_1810
1811,sample_1944,sample_1811
1812,sample_1945,sample_1812
1813,sample_1946,sample_1813
1814,sample_1947,sample_1814
1815,sample_1948,sample_1815
1816,sample_1950,sample_1816
1817,sample_1951,sample_1817
1818,sample_1954,sample_1818
1819,sample_1955,sample_1819
1820,sample_1956,sample_1820
1821,sample_1957,sample_1821
1822,sample_1958,sample_1822
1823,sample_1959,sample_1823
1824,sample_1960,sample_1824
1825,sample_1961,sample_1825
1826,sample_1962,sample_1826
1827,sample_1963,sample_1827
1828,sample_1964,sample_1828
1829,sample_1965,sample_1829
1830,sample_1966,sample_1830
1831,sample_1967,sample_1831
1832,sample_1968,sample_1832
1833,sample_1969,sample_1833
1834,sample_1970,sample_1834
1835,sample_1971,sample_1835
1836,sample_1972,sample_1836
1837,sample_1973,sample_1837
1838,sample_1974,sample_1838
1839,sample_1975,sample_1839
1840,sample_1976,sample_1840
1841,sample_1977,sample_1841
1842,sample_1978,sample_1842
1843,sample_1979,sample_1843
1844,sample_1980,sample_1844
1845,sample_1981,sample_1845
1846,sample_1983,sample_1846
1847,sample_1986,sample_1847
1848,sample_1987,sample_1848
1849,sample_1988,sample_1849
1850,sample_1989,sample_1850
1851,sample_1990,sample_1851
1852,sample_1991,sample_1852
1853,sample_1992,sample_1853
1854,sample_1993,sample_1854
1855,sample_1994,sample_1855
1856,sample_1995,sample_1856
1857,sample_1996,sample_1857
1858,sample_1999,sample_1858
